{
  "scorecard": {
    "Metric": {
      "0": "True positive rate",
      "1": "True negative rate",
      "2": "False positive rate",
      "3": "False negative rate",
      "4": "Balanced accuracy",
      "5": "Discriminant power",
      "6": "Gini"
    },
    "Actual": {
      "0": 0.017350157728706624,
      "1": 0.99919304223079,
      "2": 0.000806957769210026,
      "3": 0.9826498422712934,
      "4": 0.5082715999797482,
      "5": 1.7007287316129323,
      "6": 0.503237306395897
    },
    "Expected": {
      "0": 0.010770505385252692,
      "1": 0.9993069528280796,
      "2": 0.0006930471719204245,
      "3": 0.9892294946147473,
      "4": 0.5050387291066661,
      "5": 1.51814159951101,
      "6": 0.5141760069762216
    },
    "Diff A - E": {
      "0": 0.006579652343453932,
      "1": -0.00011391059728960151,
      "2": 0.00011391059728960151,
      "3": -0.006579652343453923,
      "4": 0.0032328708730821054,
      "5": 0.18258713210192234,
      "6": -0.010938700580324534
    }
  },
  "lr": {
    "lr_train": {
      "lr_train_precision_score": 0.9240339640420683,
      "lr_train_recall_score": 0.9486891226879348,
      "lr_train_f1_score": 0.9248758932107273,
      "lr_train_accuracy_score": 0.9486891226879348,
      "lr_train_log_loss": 0.17925089035687045,
      "lr_train_roc_auc_score": 0.7570880034881108,
      "lr_train_score": 0.9486891226879348
    },
    "lr_test": {
      "lr_test_precision_score": 0.9256984840022032,
      "lr_test_recall_score": 0.9463816068550097,
      "lr_test_f1_score": 0.9219303035234998,
      "lr_test_accuracy_score": 0.9463816068550097,
      "lr_test_log_loss": 0.18734894322417922,
      "lr_test_roc_auc_score": 0.7516186531979485,
      "lr_test_score": 0.9463816068550097
    }
  }
}